PERSON_ID,FIRST_NAME,LAST_NAME,DISPLAY_FIRST_LAST,DISPLAY_LAST_COMMA_FIRST,DISPLAY_FI_LAST,PLAYER_SLUG,BIRTHDATE,SCHOOL,COUNTRY,LAST_AFFILIATION,HEIGHT,WEIGHT,SEASON_EXP,JERSEY,POSITION,ROSTERSTATUS,GAMES_PLAYED_CURRENT_SEASON_FLAG,TEAM_ID,TEAM_NAME,TEAM_ABBREVIATION,TEAM_CODE,TEAM_CITY,PLAYERCODE,FROM_YEAR,TO_YEAR,DLEAGUE_FLAG,NBA_FLAG,GAMES_PLAYED_FLAG,DRAFT_YEAR,DRAFT_ROUND,DRAFT_NUMBER,GREATEST_75_FLAG
708,Kevin,Garnett,Kevin Garnett,"Garnett, Kevin",K. Garnett,kevin-garnett,1976-05-19T00:00:00,Farragut Academy HS (IL),USA,Farragut Academy HS (IL)/USA,6-11,240,22,21,Forward,Inactive,N,1610612750,Timberwolves,MIN,timberwolves,Minnesota,kevin_garnett,1995,2015,N,Y,Y,1995,1,5,Y
406,Shaquille,O'Neal,Shaquille O'Neal,"O'Neal, Shaquille",S. O'Neal,shaquille-oneal,1972-03-06T00:00:00,Louisiana State,USA,Louisiana State/USA,7-1,325,19,34,Center,Inactive,N,1610612747,Lakers,LAL,lakers,Los Angeles,shaquille_o'neal,1992,2010,N,Y,Y,1992,1,1,Y
87,Dikembe,Mutombo,Dikembe Mutombo,"Mutombo, Dikembe",D. Mutombo,dikembe-mutombo,1966-06-25T00:00:00,Georgetown,Congo,Georgetown/Congo,7-2,260,19,55,Center,Inactive,N,1610612743,Nuggets,DEN,nuggets,Denver,dikembe_mutombo,1991,2008,N,Y,Y,1991,1,4,N
275,Allan,Houston,Allan Houston,"Houston, Allan",A. Houston,allan-houston,1971-04-20T00:00:00,Tennessee,USA,Tennessee/USA,6-6,205,13,,Guard,Inactive,N,0,,,,,allan_houston,1993,2004,N,Y,Y,1993,1,11,N
185,Chris,Webber,Chris Webber,"Webber, Chris",C. Webber,chris-webber,1973-03-01T00:00:00,Michigan,USA,Michigan/USA,6-10,245,15,4,Forward-Center,Inactive,N,0,,,,,chris_webber,1993,2007,N,Y,Y,1993,1,1,N
757,Damon,Stoudamire,Damon Stoudamire,"Stoudamire, Damon",D. Stoudamire,damon-stoudamire,1973-09-03T00:00:00,Arizona,USA,Arizona/USA,5-10,171,14,3,Guard,Inactive,N,1610612757,Trail Blazers,POR,blazers,Portland,damon_stoudamire,1995,2007,N,Y,Y,1995,1,7,N
952,Antoine,Walker,Antoine Walker,"Walker, Antoine",A. Walker,antoine-walker,1976-08-12T00:00:00,Kentucky,USA,Kentucky/USA,6-9,245,13,24,Forward,Inactive,N,1610612738,Celtics,BOS,celtics,Boston,antoine_walker,1996,2007,Y,Y,Y,1996,1,6,N
947,Allen,Iverson,Allen Iverson,"Iverson, Allen",A. Iverson,allen-iverson,1975-06-07T00:00:00,Georgetown,USA,Georgetown/USA,6-0,165,15,3,Guard,Inactive,N,1610612755,76ers,PHI,sixers,Philadelphia,allen_iverson,1996,2009,N,Y,Y,1996,1,1,Y
84,Latrell,Sprewell,Latrell Sprewell,"Sprewell, Latrell",L. Sprewell,latrell-sprewell,1970-09-08T00:00:00,Alabama,USA,Alabama/USA,6-5,195,14,8,Guard,Inactive,N,1610612744,Warriors,GSW,warriors,Golden State,latrell_sprewell,1992,2004,N,Y,Y,1992,1,24,N
980,Zydrunas,Ilgauskas,Zydrunas Ilgauskas,"Ilgauskas, Zydrunas",Z. Ilgauskas,zydrunas-ilgauskas,1975-06-05T00:00:00,Atletas Kaunas,Lithuania,Atletas Kaunas/Lithuania,7-3,260,14,11,Center,Inactive,N,1610612739,Cavaliers,CLE,cavaliers,Cleveland,zydrunas_ilgauskas,1997,2010,N,Y,Y,1996,1,20,N
951,Ray,Allen,Ray Allen,"Allen, Ray",R. Allen,ray-allen,1975-07-20T00:00:00,Connecticut,USA,Connecticut/USA,6-5,205,18,34,Guard,Inactive,N,1610612749,Bucks,MIL,bucks,Milwaukee,ray_allen,1996,2013,N,Y,Y,1996,1,5,Y
977,Kobe,Bryant,Kobe Bryant,"Bryant, Kobe",K. Bryant,kobe-bryant,1978-08-23T00:00:00,Lower Merion HS (PA),USA,Lower Merion HS (PA)/USA,6-6,212,20,24,Forward-Guard,Inactive,N,1610612747,Lakers,LAL,lakers,Los Angeles,kobe_bryant,1996,2015,N,Y,Y,1996,1,13,Y
714,Michael,Finley,Michael Finley,"Finley, Michael",M. Finley,michael-finley,1973-03-06T00:00:00,Wisconsin,USA,Wisconsin/USA,6-7,225,16,40,Guard-Forward,Inactive,N,1610612742,Mavericks,DAL,mavericks,Dallas,michael_finley,1995,2009,N,Y,Y,1995,1,21,N
1503,Tracy,McGrady,Tracy McGrady,"McGrady, Tracy",T. McGrady,tracy-mcgrady,1979-05-24T00:00:00,Mount Zion Christian Academy (NC),USA,Mount Zion Christian Academy (NC)/USA,6-8,225,17,1,Guard-Forward,Inactive,N,1610612745,Rockets,HOU,rockets,Houston,tracy_mcgrady,1997,2012,N,Y,Y,1997,1,9,N
1495,Tim,Duncan,Tim Duncan,"Duncan, Tim",T. Duncan,tim-duncan,1976-04-25T00:00:00,Wake Forest,US Virgin Islands,Wake Forest/US Virgin Islands,6-11,250,20,21,Center-Forward,Inactive,N,1610612759,Spurs,SAS,spurs,San Antonio,tim_duncan,1997,2015,N,Y,Y,1997,1,1,Y
224,Eddie,Jones,Eddie Jones,"Jones, Eddie",E. Jones,eddie-jones,1971-10-20T00:00:00,Temple,USA,Temple/USA,6-6,200,15,6,Guard-Forward,Inactive,N,1610612748,Heat,MIA,heat,Miami,eddie_jones,1994,2007,N,Y,Y,1994,1,10,N
258,Brian,Grant,Brian Grant,"Grant, Brian",B. Grant,brian-grant,1972-03-05T00:00:00,Xavier,USA,Xavier/USA,6-9,254,13,55,Forward-Center,Inactive,N,1610612748,Heat,MIA,heat,Miami,brian_grant,1994,2005,N,Y,Y,1994,1,8,N
124,Vlade,Divac,Vlade Divac,"Divac, Vlade",V. Divac,vlade-divac,1968-02-03T00:00:00,Partizan,Serbia,Partizan/Serbia,7-1,260,17,21,Center,Inactive,N,1610612747,Lakers,LAL,lakers,Los Angeles,vlade_divac,1989,2004,N,Y,Y,1989,1,26,N
1713,Vince,Carter,Vince Carter,"Carter, Vince",V. Carter,vince-carter,1977-01-26T00:00:00,North Carolina,USA,North Carolina/USA,6-6,220,23,15,Guard-Forward,Inactive,N,1610612761,Raptors,TOR,raptors,Toronto,vince_carter,1998,2019,N,Y,Y,1998,1,5,N
467,Jason,Kidd,Jason Kidd,"Kidd, Jason",J. Kidd,jason-kidd,1973-03-23T00:00:00,California,USA,California/USA,6-4,210,19,5,Guard,Inactive,N,1610612751,Nets,NJN,nets,New Jersey,jason_kidd,1994,2012,N,Y,Y,1994,1,2,Y
89,Nick,Van Exel,Nick Van Exel,"Van Exel, Nick",N. Van Exel,nick-van-exel,1971-11-27T00:00:00,Cincinnati,USA,Cincinnati/USA,6-1,190,13,31,Guard,Inactive,N,1610612747,Lakers,LAL,lakers,Los Angeles,nick_van exel,1993,2005,N,Y,Y,1993,2,37,N
299,Glenn,Robinson,Glenn Robinson,"Robinson, Glenn",G. Robinson,glenn-robinson,1973-01-10T00:00:00,Purdue,USA,Purdue/USA,6-7,240,12,3,Forward,Inactive,N,1610612749,Bucks,MIL,bucks,Milwaukee,glenn_robinson,1994,2004,N,Y,Y,1994,1,1,N
779,Glen,Rice,Glen Rice,"Rice, Glen",G. Rice,glen-rice,1967-05-28T00:00:00,Michigan,USA,Michigan/USA,6-8,228,15,,Forward-Guard,Inactive,N,0,,,,,glen_rice,1989,2003,N,Y,Y,1989,1,4,N
954,Kerry,Kittles,Kerry Kittles,"Kittles, Kerry",K. Kittles,kerry-kittles,1974-06-12T00:00:00,Villanova,USA,Villanova/USA,6-5,185,9,,Guard,Inactive,N,0,,,,,kerry_kittles,1996,2004,N,Y,Y,1996,1,8,N
731,Greg,Ostertag,Greg Ostertag,"Ostertag, Greg",G. Ostertag,greg-ostertag,1973-03-06T00:00:00,Kansas,USA,Kansas/USA,7-2,280,11,,Center,Inactive,N,0,,,,,greg_ostertag,1995,2005,Y,Y,Y,1995,1,28,N
469,Jamal,Mashburn,Jamal Mashburn,"Mashburn, Jamal",J. Mashburn,jamal-mashburn,1972-11-29T00:00:00,Kentucky,USA,Kentucky/USA,6-8,247,12,24,Forward,Inactive,N,1610612742,Mavericks,DAL,mavericks,Dallas,jamal_mashburn,1993,2003,N,Y,Y,1993,1,4,N
389,Toni,Kukoc,Toni Kukoc,"Kukoc, Toni",T. Kukoc,toni-kukoc,1968-09-18T00:00:00,Benetton Treviso,Croatia,Benetton Treviso/Croatia,6-11,235,13,7,Forward,Inactive,N,1610612741,Bulls,CHI,bulls,Chicago,toni_kukoc,1993,2005,N,Y,Y,1990,2,29,N
1508,Maurice,Taylor,Maurice Taylor,"Taylor, Maurice",M. Taylor,maurice-taylor,1976-10-30T00:00:00,Michigan,USA,Michigan/USA,6-9,265,9,,Forward-Center,Inactive,N,0,,,,,maurice_taylor,1997,2006,N,Y,Y,1997,1,14,N
1507,Derek,Anderson,Derek Anderson,"Anderson, Derek",D. Anderson,derek-anderson,1974-07-18T00:00:00,Kentucky,USA,Kentucky/USA,6-5,195,12,1,Guard,Inactive,N,1610612757,Trail Blazers,POR,blazers,Portland,derek_anderson,1997,2007,N,Y,Y,1997,1,13,N
673,Alan,Henderson,Alan Henderson,"Henderson, Alan",A. Henderson,alan-henderson,1972-12-02T00:00:00,Indiana,USA,Indiana/USA,6-9,240,13,44,Forward-Center,Inactive,N,1610612737,Hawks,ATL,hawks,Atlanta,alan_henderson,1995,2006,N,Y,Y,1995,1,16,N
1506,Austin,Croshere,Austin Croshere,"Croshere, Austin",A. Croshere,austin-croshere,1975-05-01T00:00:00,Providence,USA,Providence/USA,6-10,240,12,,Forward,Inactive,N,0,,,,,austin_croshere,1997,2008,N,Y,Y,1997,1,12,N
956,Erick,Dampier,Erick Dampier,"Dampier, Erick",E. Dampier,erick-dampier,1975-07-14T00:00:00,Mississippi State,USA,Mississippi State/USA,6-11,265,17,25,Center,Inactive,N,1610612744,Warriors,GSW,warriors,Golden State,erick_dampier,1996,2011,N,Y,Y,1996,1,10,N
1509,Kelvin,Cato,Kelvin Cato,"Cato, Kelvin",K. Cato,kelvin-cato,1974-08-26T00:00:00,Iowa State,USA,Iowa State/USA,6-11,275,11,26,Center,Inactive,N,1610612745,Rockets,HOU,rockets,Houston,kelvin_cato,1997,2006,N,Y,Y,1997,1,15,N
948,Marcus,Camby,Marcus Camby,"Camby, Marcus",M. Camby,marcus-camby,1974-03-22T00:00:00,Massachusetts,USA,Massachusetts/USA,6-11,240,18,23,Center-Forward,Inactive,N,1610612743,Nuggets,DEN,nuggets,Denver,marcus_camby,1996,2012,N,Y,Y,1996,1,2,N
1500,Ron,Mercer,Ron Mercer,"Mercer, Ron",R. Mercer,ron-mercer,1976-05-18T00:00:00,Kentucky,USA,Kentucky/USA,6-7,215,9,,Guard-Forward,Inactive,N,0,,,,,ron_mercer,1997,2004,N,Y,Y,1997,1,6,N
1000,Shandon,Anderson,Shandon Anderson,"Anderson, Shandon",S. Anderson,shandon-anderson,1973-12-31T00:00:00,Georgia,USA,Georgia/USA,6-6,215,10,49,Guard-Forward,Inactive,N,1610612752,Knicks,NYK,knicks,New York,shandon_anderson,1996,2005,N,Y,Y,1996,2,54,N
953,Lorenzen,Wright,Lorenzen Wright,"Wright, Lorenzen",L. Wright,lorenzen-wright,1975-11-04T00:00:00,Memphis,USA,Memphis/USA,6-11,255,14,55,Forward-Center,Inactive,N,1610612763,Grizzlies,MEM,grizzlies,Memphis,lorenzen_wright,1996,2008,N,Y,Y,1996,1,7,N
711,Jerry,Stackhouse,Jerry Stackhouse,"Stackhouse, Jerry",J. Stackhouse,jerry-stackhouse,1974-11-05T00:00:00,North Carolina,USA,North Carolina/USA,6-6,218,19,42,Forward,Inactive,N,1610612765,Pistons,DET,pistons,Detroit,jerry_stackhouse,1995,2012,N,Y,Y,1995,1,3,N
1882,Elton,Brand,Elton Brand,"Brand, Elton",E. Brand,elton-brand,1979-03-11T00:00:00,Duke,USA,Duke/USA,6-9,254,18,42,Forward,Inactive,N,1610612746,Clippers,LAC,clippers,Los Angeles,elton_brand,1999,2015,N,Y,Y,1999,1,1,N
57,Doug,Christie,Doug Christie,"Christie, Doug",D. Christie,doug-christie,1970-05-09T00:00:00,Pepperdine,USA,Pepperdine/USA,6-6,205,15,,Guard-Forward,Inactive,N,0,,,,,doug_christie,1992,2006,N,Y,Y,1992,1,17,N
978,Peja,Stojakovic,Peja Stojakovic,"Stojakovic, Peja",P. Stojakovic,peja-stojakovic,1977-06-09T00:00:00,PAOK,Serbia,PAOK/Serbia,6-10,229,14,16,Forward,Inactive,N,1610612758,Kings,SAC,kings,Sacramento,peja_stojakovic,1998,2010,N,Y,Y,1996,1,14,N
1944,Eddie,Robinson,Eddie Robinson,"Robinson, Eddie",E. Robinson,eddie-robinson,1976-04-19T00:00:00,Central Oklahoma,USA,Central Oklahoma/USA,6-9,210,6,32,Forward,Inactive,N,1610612741,Bulls,CHI,bulls,Chicago,eddie_robinson,1999,2003,Y,Y,Y,Undrafted,Undrafted,Undrafted,N
448,Bo,Outlaw,Bo Outlaw,"Outlaw, Bo",B. Outlaw,bo-outlaw,1971-04-13T00:00:00,Houston,USA,Houston/USA,6-8,220,15,,Forward,Inactive,N,0,,,,,bo_outlaw,1993,2007,N,Y,Y,Undrafted,Undrafted,Undrafted,N
959,Steve,Nash,Steve Nash,"Nash, Steve",S. Nash,steve-nash,1974-02-07T00:00:00,Santa Clara,Canada,Santa Clara/Canada,6-3,178,19,10,Guard,Inactive,N,1610612756,Suns,PHX,suns,Phoenix,steve_nash,1996,2013,N,Y,Y,1996,1,15,Y
1883,Steve,Francis,Steve Francis,"Francis, Steve",S. Francis,steve-francis,1977-02-21T00:00:00,Maryland,USA,Maryland/USA,6-3,210,10,3,Guard,Inactive,N,1610612745,Rockets,HOU,rockets,Houston,steve_francis,1999,2007,N,Y,Y,1999,1,2,N
958,Vitaly,Potapenko,Vitaly Potapenko,"Potapenko, Vitaly",V. Potapenko,vitaly-potapenko,1975-03-21T00:00:00,Wright State,Ukraine,Wright State/Ukraine,6-10,285,12,20,Center-Forward,Inactive,N,1610612738,Celtics,BOS,celtics,Boston,vitaly_potapenko,1996,2006,N,Y,Y,1996,1,12,N
363,Christian,Laettner,Christian Laettner,"Laettner, Christian",C. Laettner,christian-laettner,1969-08-17T00:00:00,Duke,USA,Duke/USA,6-11,245,14,44,Forward-Center,Inactive,N,1610612750,Timberwolves,MIN,timberwolves,Minnesota,christian_laettner,1992,2004,N,Y,Y,1992,1,3,N
1541,Alvin,Williams,Alvin Williams,"Williams, Alvin",A. Williams,alvin-williams,1974-08-06T00:00:00,Villanova,USA,Villanova/USA,6-5,195,9,,Guard,Inactive,N,0,,,,,alvin_williams,1997,2006,N,Y,Y,1997,2,47,N
1112,Ben,Wallace,Ben Wallace,"Wallace, Ben",B. Wallace,ben-wallace,1974-09-10T00:00:00,Virginia Union,USA,Virginia Union/USA,6-9,240,17,6,Forward-Center,Inactive,N,1610612765,Pistons,DET,pistons,Detroit,ben_wallace,1996,2011,N,Y,Y,Undrafted,Undrafted,Undrafted,N
1739,Ruben,Patterson,Ruben Patterson,"Patterson, Ruben",R. Patterson,ruben-patterson,1975-07-31T00:00:00,Cincinnati,USA,Cincinnati/USA,6-5,223,11,,Forward,Inactive,N,0,,,,,ruben_patterson,1998,2007,N,Y,Y,1998,2,31,N
1916,Calvin,Booth,Calvin Booth,"Booth, Calvin",C. Booth,calvin-booth,1976-05-07T00:00:00,Penn State,USA,Penn State/USA,6-11,230,11,52,Center,Inactive,N,1610612760,SuperSonics,SEA,thunder,Seattle,calvin_booth,1999,2008,N,Y,Y,1999,2,35,N
693,Joe,Smith,Joe Smith,"Smith, Joe",J. Smith,joe-smith,1975-07-26T00:00:00,Maryland,USA,Maryland/USA,6-10,225,17,1,Forward-Center,Inactive,N,1610612750,Timberwolves,MIN,timberwolves,Minnesota,joe_smith,1995,2010,N,Y,Y,1995,1,1,N
422,Avery,Johnson,Avery Johnson,"Johnson, Avery",A. Johnson,avery-johnson,1965-03-25T00:00:00,Southern,USA,Southern/USA,5-11,185,17,6,Guard,Inactive,N,1610612759,Spurs,SAS,spurs,San Antonio,avery_johnson,1988,2003,N,Y,Y,Undrafted,Undrafted,Undrafted,N
1504,Danny,Fortson,Danny Fortson,"Fortson, Danny",D. Fortson,danny-fortson,1976-03-27T00:00:00,Cincinnati,USA,Cincinnati/USA,6-8,260,10,21,Center-Forward,Inactive,N,1610612743,Nuggets,DEN,nuggets,Denver,danny_fortson,1997,2006,N,Y,Y,1997,1,10,N
699,Brent,Barry,Brent Barry,"Barry, Brent",B. Barry,brent-barry,1971-12-31T00:00:00,Oregon State,USA,Oregon State/USA,6-7,210,15,17,Guard,Inactive,N,1610612760,SuperSonics,SEA,thunder,Seattle,brent_barry,1995,2008,N,Y,Y,1995,1,15,N
703,Kurt,Thomas,Kurt Thomas,"Thomas, Kurt",K. Thomas,kurt-thomas,1972-10-04T00:00:00,TCU,USA,TCU/USA,6-9,240,18,,Forward,Inactive,N,0,,,,,kurt_thomas,1995,2012,N,Y,Y,1995,1,10,N
1749,Cuttino,Mobley,Cuttino Mobley,"Mobley, Cuttino",C. Mobley,cuttino-mobley,1975-09-01T00:00:00,Rhode Island,USA,Rhode Island/USA,6-4,215,12,32,Guard,Inactive,N,1610612745,Rockets,HOU,rockets,Houston,cuttino_mobley,1998,2008,N,Y,Y,1998,2,41,N
1513,Scot,Pollard,Scot Pollard,"Pollard, Scot",S. Pollard,scot-pollard,1975-02-12T00:00:00,Kansas,USA,Kansas/USA,6-11,278,12,66,Center-Forward,Inactive,N,1610612758,Kings,SAC,kings,Sacramento,scot_pollard,1997,2007,N,Y,Y,1997,1,19,N
109,Robert,Horry,Robert Horry,"Horry, Robert",R. Horry,robert-horry,1970-08-25T00:00:00,Alabama,USA,Alabama/USA,6-10,240,17,25,Forward-Center,Inactive,N,1610612747,Lakers,LAL,lakers,Los Angeles,robert_horry,1992,2007,N,Y,Y,1992,1,11,N
762,Shawn,Bradley,Shawn Bradley,"Bradley, Shawn",S. Bradley,shawn-bradley,1972-03-22T00:00:00,Brigham Young,USA,Brigham Young/USA,7-6,275,13,44,Center,Inactive,N,1610612742,Mavericks,DAL,mavericks,Dallas,shawn_bradley,1993,2004,N,Y,Y,1993,1,2,N
1884,Baron,Davis,Baron Davis,"Davis, Baron",B. Davis,baron-davis,1979-04-13T00:00:00,UCLA,USA,UCLA/USA,6-3,212,14,85,Guard,Inactive,N,1610612766,Hornets,CHH,hornets,Charlotte,baron_davis,1999,2011,Y,Y,Y,1999,1,3,N
2030,Kenyon,Martin,Kenyon Martin,"Martin, Kenyon",K. Martin,kenyon-martin,1977-12-30T00:00:00,Cincinnati,USA,Cincinnati/USA,6-9,225,15,,Forward,Inactive,N,0,,,,,kenyon_martin,2000,2014,N,Y,Y,2000,1,1,N
722,Corliss,Williamson,Corliss Williamson,"Williamson, Corliss",C. Williamson,corliss-williamson,1973-12-04T00:00:00,Arkansas,USA,Arkansas/USA,6-7,245,13,34,Forward,Inactive,N,1610612758,Kings,SAC,kings,Sacramento,corliss_williamson,1995,2006,N,Y,Y,1995,1,13,N
243,Aaron,McKie,Aaron McKie,"McKie, Aaron",A. McKie,aaron-mckie,1972-10-02T00:00:00,Temple,USA,Temple/USA,6-5,209,14,2,Guard,Inactive,N,1610612755,76ers,PHI,sixers,Philadelphia,aaron_mckie,1994,2006,N,Y,Y,1994,1,17,N
1885,Lamar,Odom,Lamar Odom,"Odom, Lamar",L. Odom,lamar-odom,1979-11-06T00:00:00,Rhode Island,USA,Rhode Island/USA,6-10,230,15,,Forward,Inactive,N,1610612747,Lakers,LAL,lakers,Los Angeles,lamar_odom,1999,2013,N,Y,Y,1999,1,4,N
2031,Stromile,Swift,Stromile Swift,"Swift, Stromile",S. Swift,stromile-swift,1979-11-21T00:00:00,Louisiana State,USA,Louisiana State/USA,6-10,220,10,4,Forward-Center,Inactive,N,1610612763,Grizzlies,MEM,grizzlies,Memphis,stromile_swift,2000,2008,N,Y,Y,2000,1,2,N
349,Mark,Jackson,Mark Jackson,"Jackson, Mark",M. Jackson,mark-jackson,1965-04-01T00:00:00,St. John's (NY),USA,St. John's (NY)/USA,6-3,195,18,31,Guard,Inactive,N,1610612752,Knicks,NYK,knicks,New York,mark_jackson,1987,2003,N,Y,Y,1987,1,18,N
296,Rick,Fox,Rick Fox,"Fox, Rick",R. Fox,rick-fox,1969-07-24T00:00:00,North Carolina,Canada,North Carolina/Canada,6-7,235,14,17,Forward,Inactive,N,1610612747,Lakers,LAL,lakers,Los Angeles,rick_fox,1991,2003,N,Y,Y,1991,1,24,N
441,Lamond,Murray,Lamond Murray,"Murray, Lamond",L. Murray,lamond-murray,1973-04-20T00:00:00,California,USA,California/USA,6-7,235,11,31,Forward,Inactive,N,1610612746,Clippers,LAC,clippers,Los Angeles,lamond_murray,1994,2005,N,Y,Y,1994,1,7,N
727,Eric,Snow,Eric Snow,"Snow, Eric",E. Snow,eric-snow,1973-04-24T00:00:00,Michigan State,USA,Michigan State/USA,6-3,205,14,20,Guard,Inactive,N,1610612755,76ers,PHI,sixers,Philadelphia,eric_snow,1995,2007,N,Y,Y,1995,2,43,N
1502,Adonal,Foyle,Adonal Foyle,"Foyle, Adonal",A. Foyle,adonal-foyle,1975-03-09T00:00:00,Colgate,St. Vincent & Grenadines,Colgate/St. Vincent & Grenadines,6-10,270,13,31,Center,Inactive,N,1610612744,Warriors,GSW,warriors,Golden State,adonal_foyle,1997,2009,N,Y,Y,1997,1,8,N
1886,Jonathan,Bender,Jonathan Bender,"Bender, Jonathan",J. Bender,jonathan-bender,1981-01-30T00:00:00,Picayune HS (MS),USA,Picayune HS (MS)/USA,7-0,230,9,9,Forward,Inactive,N,1610612754,Pacers,IND,pacers,Indiana,jonathan_bender,1999,2009,N,Y,Y,1999,1,5,N
2198,Kwame,Brown,Kwame Brown,"Brown, Kwame",K. Brown,kwame-brown,1982-03-10T00:00:00,Glynn Academy HS (GA),USA,Glynn Academy HS (GA)/USA,6-11,290,13,54,Center,Inactive,N,1610612764,Wizards,WAS,wizards,Washington,kwame_brown,2001,2012,N,Y,Y,2001,1,1,N
1853,Anthony,Carter,Anthony Carter,"Carter, Anthony",A. Carter,anthony-carter,1975-06-16T00:00:00,Hawaii,USA,Hawaii/USA,6-1,190,14,,Guard,Inactive,N,0,,,,,anthony_carter,1999,2011,N,Y,Y,Undrafted,Undrafted,Undrafted,N
133,David,Wesley,David Wesley,"Wesley, David",D. Wesley,david-wesley,1970-11-14T00:00:00,Baylor,USA,Baylor/USA,6-1,203,15,4,Guard,Inactive,N,1610612766,Hornets,CHH,hornets,Charlotte,david_wesley,1993,2006,N,Y,Y,Undrafted,Undrafted,Undrafted,N
1887,Wally,Szczerbiak,Wally Szczerbiak,"Szczerbiak, Wally",W. Szczerbiak,wally-szczerbiak,1977-03-05T00:00:00,Miami (Ohio),USA,Miami (Ohio)/USA,6-7,240,11,10,Guard-Forward,Inactive,N,1610612750,Timberwolves,MIN,timberwolves,Minnesota,wally_szczerbiak,1999,2008,N,Y,Y,1999,1,6,N
1531,Marc,Jackson,Marc Jackson,"Jackson, Marc",M. Jackson,marc-jackson,1975-01-16T00:00:00,Temple,USA,Temple/USA,6-10,253,8,44,Forward,Inactive,N,1610612755,76ers,PHI,sixers,Philadelphia,marc_jackson,2000,2006,N,Y,Y,1997,2,37,N
2033,Marcus,Fizer,Marcus Fizer,"Fizer, Marcus",M. Fizer,marcus-fizer,1978-08-10T00:00:00,Iowa State,USA,Iowa State/USA,,,6,,,Inactive,N,0,,,,,marcus_fizer,2000,2007,Y,Y,Y,2000,1,4,N
692,Andrew,DeClercq,Andrew DeClercq,"DeClercq, Andrew",A. DeClercq,andrew-declercq,1973-02-01T00:00:00,Florida,USA,Florida/USA,6-10,255,11,,Center,Inactive,N,0,,,,,andrew_declercq,1995,2004,N,Y,Y,1995,2,34,N
1888,Richard,Hamilton,Richard Hamilton,"Hamilton, Richard",R. Hamilton,richard-hamilton,1978-02-14T00:00:00,Connecticut,USA,Connecticut/USA,6-7,193,15,32,Guard,Inactive,N,1610612765,Pistons,DET,pistons,Detroit,richard_hamilton,1999,2012,N,Y,Y,1999,1,7,N
2200,Pau,Gasol,Pau Gasol,"Gasol, Pau",P. Gasol,pau-gasol,1980-07-06T00:00:00,FC Barcelona,Spain,FC Barcelona/Germany,7-0,250,19,16,Center-Forward,Inactive,N,1610612747,Lakers,LAL,lakers,Los Angeles,pau_gasol,2001,2018,N,Y,Y,2001,1,3,N
2034,Mike,Miller,Mike Miller,"Miller, Mike",M. Miller,mike-miller,1980-02-19T00:00:00,Florida,USA,Florida/USA,6-8,218,18,3,Guard-Forward,Inactive,N,1610612763,Grizzlies,MEM,grizzlies,Memphis,mike_miller,2000,2016,N,Y,Y,2000,1,5,N
1889,Andre,Miller,Andre Miller,"Miller, Andre",A. Miller,andre-miller,1976-03-19T00:00:00,Utah,USA,Utah/USA,6-3,200,18,24,Guard,Inactive,N,1610612743,Nuggets,DEN,nuggets,Denver,andre_miller,1999,2015,N,Y,Y,1999,1,8,N
283,Lindsey,Hunter,Lindsey Hunter,"Hunter, Lindsey",L. Hunter,lindsey-hunter,1970-12-03T00:00:00,Jackson State,USA,Jackson State/USA,6-2,195,17,,Guard,Inactive,N,0,,,,,lindsey_hunter,1993,2009,N,Y,Y,1993,1,10,N
43,Chris,Whitney,Chris Whitney,"Whitney, Chris",C. Whitney,chris-whitney,1971-10-05T00:00:00,Clemson,USA,Clemson/USA,6-0,175,12,12,Guard,Inactive,N,1610612764,Wizards,WAS,wizards,Washington,chris_whitney,1993,2003,N,Y,Y,1993,2,47,N
2035,DerMarr,Johnson,DerMarr Johnson,"Johnson, DerMarr",D. Johnson,dermarr-johnson,1980-05-05T00:00:00,Cincinnati,USA,Cincinnati/USA,6-9,210,8,1,Forward-Guard,Inactive,N,1610612743,Nuggets,DEN,nuggets,Denver,dermarr_johnson,2000,2007,Y,Y,Y,2000,1,6,N
1890,Shawn,Marion,Shawn Marion,"Marion, Shawn",S. Marion,shawn-marion,1978-05-07T00:00:00,UNLV,USA,UNLV/USA,6-7,228,16,31,Guard-Forward,Inactive,N,1610612756,Suns,PHX,suns,Phoenix,shawn_marion,1999,2014,N,Y,Y,1999,1,9,N
965,Derek,Fisher,Derek Fisher,"Fisher, Derek",D. Fisher,derek-fisher,1974-08-09T00:00:00,Arkansas-Little Rock,USA,Arkansas-Little Rock/USA,6-1,210,18,6,Guard,Inactive,N,1610612747,Lakers,LAL,lakers,Los Angeles,derek_fisher,1996,2013,N,Y,Y,1996,1,24,N
1544,Chris,Crawford,Chris Crawford,"Crawford, Chris",C. Crawford,chris-crawford,1975-05-13T00:00:00,Marquette,USA,Marquette/USA,6-9,235,8,4,Forward,Inactive,N,1610612737,Hawks,ATL,hawks,Atlanta,chris_crawford,1997,2003,N,Y,Y,1997,2,50,N
1891,Jason,Terry,Jason Terry,"Terry, Jason",J. Terry,jason-terry,1977-09-15T00:00:00,Arizona,USA,Arizona/USA,6-2,185,19,3,Guard,Inactive,N,1610612742,Mavericks,DAL,mavericks,Dallas,jason_terry,1999,2017,N,Y,Y,1999,1,10,N
970,Othella,Harrington,Othella Harrington,"Harrington, Othella",O. Harrington,othella-harrington,1974-01-31T00:00:00,Georgetown,USA,Georgetown/USA,6-9,235,13,24,Forward-Center,Inactive,N,1610612752,Knicks,NYK,knicks,New York,othella_harrington,1996,2007,Y,Y,Y,1996,2,30,N
902,Bimbo,Coles,Bimbo Coles,"Coles, Bimbo",B. Coles,bimbo-coles,1968-04-22T00:00:00,Virginia Tech,USA,Virginia Tech/USA,6-2,182,15,12,Guard,Inactive,N,1610612748,Heat,MIA,heat,Miami,bimbo_coles,1990,2003,N,Y,Y,1990,2,40,N
1425,Aaron,Williams,Aaron Williams,"Williams, Aaron",A. Williams,aaron-williams,1971-10-02T00:00:00,Xavier,USA,Xavier/USA,6-9,235,14,,Center-Forward,Inactive,N,0,,,,,aaron_williams,1993,2007,N,Y,Y,Undrafted,Undrafted,Undrafted,N
960,Tony,Delk,Tony Delk,"Delk, Tony",T. Delk,tony-delk,1974-01-28T00:00:00,Kentucky,USA,Kentucky/USA,6-2,189,10,00,Guard,Inactive,N,1610612756,Suns,PHX,suns,Phoenix,tony_delk,1996,2005,N,Y,Y,1996,1,16,N
1517,Bobby,Jackson,Bobby Jackson,"Jackson, Bobby",B. Jackson,bobby-jackson,1973-03-13T00:00:00,Minnesota,USA,Minnesota/USA,6-1,185,13,24,Guard,Inactive,N,1610612758,Kings,SAC,kings,Sacramento,bobby_jackson,1997,2008,N,Y,Y,1997,1,23,N
270,Horace,Grant,Horace Grant,"Grant, Horace",H. Grant,horace-grant,1965-07-04T00:00:00,Clemson,USA,Clemson/USA,6-10,245,18,54,Center,Inactive,N,1610612741,Bulls,CHI,bulls,Chicago,horace_grant,1987,2003,N,Y,Y,1987,1,10,N
1894,Corey,Maggette,Corey Maggette,"Maggette, Corey",C. Maggette,corey-maggette,1979-11-12T00:00:00,Duke,USA,Duke/USA,6-6,225,15,50,Forward,Inactive,N,1610612746,Clippers,LAC,clippers,Los Angeles,corey_maggette,1999,2012,N,Y,Y,1999,1,13,N
688,Michael,Curry,Michael Curry,"Curry, Michael",M. Curry,michael-curry,1968-08-22T00:00:00,Georgia Southern,USA,Georgia Southern/USA,6-5,210,11,,Forward-Guard,Inactive,N,0,,,,,michael_curry,1993,2004,N,Y,Y,Undrafted,Undrafted,Undrafted,N
248,George,Lynch,George Lynch,"Lynch, George",G. Lynch,george-lynch,1970-09-03T00:00:00,North Carolina,USA,North Carolina/USA,6-8,235,13,9,Forward,Inactive,N,1610612740,Hornets,NOH,pelicans,New Orleans,george_lynch,1993,2004,N,Y,Y,1993,1,12,N
1897,Metta,World Peace,Metta World Peace,"World Peace, Metta",M. World Peace,metta-world-peace,1979-11-13T00:00:00,St. John's (NY),USA,St. John's (NY)/USA,6-7,260,18,37,Forward,Inactive,N,1610612747,Lakers,LAL,lakers,Los Angeles,metta_world peace,1999,2016,N,Y,Y,1999,1,16,N
2037,Jamal,Crawford,Jamal Crawford,"Crawford, Jamal",J. Crawford,jamal-crawford,1980-03-20T00:00:00,Michigan,USA,Michigan/USA,6-5,200,21,1,Guard,Inactive,N,1610612746,Clippers,LAC,clippers,LA,jamal_crawford,2000,2019,N,Y,Y,2000,1,8,N
2203,Shane,Battier,Shane Battier,"Battier, Shane",S. Battier,shane-battier,1978-09-09T00:00:00,Duke,USA,Duke/USA,6-8,220,13,31,Forward,Inactive,N,1610612763,Grizzlies,MEM,grizzlies,Memphis,shane_battier,2001,2013,N,Y,Y,2001,1,6,N
1899,James,Posey,James Posey,"Posey, James",J. Posey,james-posey,1977-01-13T00:00:00,Xavier,USA,Xavier/USA,6-8,217,13,41,Forward,Inactive,N,1610612743,Nuggets,DEN,nuggets,Denver,james_posey,1999,2010,N,Y,Y,1999,1,18,N
278,Stacey,Augmon,Stacey Augmon,"Augmon, Stacey",S. Augmon,stacey-augmon,1968-08-01T00:00:00,UNLV,USA,UNLV/USA,6-8,213,16,2,Forward-Guard,Inactive,N,1610612737,Hawks,ATL,hawks,Atlanta,stacey_augmon,1991,2005,N,Y,Y,1991,1,9,N
1900,Quincy,Lewis,Quincy Lewis,"Lewis, Quincy",Q. Lewis,quincy-lewis,1977-06-26T00:00:00,Minnesota,USA,Minnesota/USA,6-7,215,4,,Guard-Forward,Inactive,N,0,,,,,quincy_lewis,1999,2003,N,Y,Y,1999,1,19,N
1902,Jeff,Foster,Jeff Foster,"Foster, Jeff",J. Foster,jeff-foster,1977-01-16T00:00:00,Southwest Texas State,USA,Southwest Texas State/USA,6-11,250,13,10,Forward-Center,Inactive,N,1610612754,Pacers,IND,pacers,Indiana,jeff_foster,1999,2011,N,Y,Y,1999,1,21,N
2039,Keyon,Dooling,Keyon Dooling,"Dooling, Keyon",K. Dooling,keyon-dooling,1980-05-08T00:00:00,Missouri,USA,Missouri/USA,6-3,195,14,55,Guard,Inactive,N,1610612746,Clippers,LAC,clippers,Los Angeles,keyon_dooling,2000,2012,Y,Y,Y,2000,1,10,N
1904,Devean,George,Devean George,"George, Devean",D. George,devean-george,1977-08-29T00:00:00,Augsburg,USA,Augsburg/USA,6-8,235,12,19,Forward,Inactive,N,1610612747,Lakers,LAL,lakers,Los Angeles,devean_george,1999,2009,N,Y,Y,1999,1,23,N
2040,Jerome,Moiso,Jerome Moiso,"Moiso, Jerome",J. Moiso,jerome-moiso,1978-06-15T00:00:00,UCLA,France,UCLA/France,6-10,260,5,,Forward,Inactive,N,0,,,,,jerome_moiso,2000,2004,N,Y,Y,2000,1,11,N
1903,Kenny,Thomas,Kenny Thomas,"Thomas, Kenny",K. Thomas,kenny-thomas,1977-07-25T00:00:00,New Mexico,USA,New Mexico/USA,6-7,245,12,,Center-Forward,Inactive,N,0,,,,,kenny_thomas,1999,2009,N,Y,Y,1999,1,22,N
2041,Etan,Thomas,Etan Thomas,"Thomas, Etan",E. Thomas,etan-thomas,1978-04-01T00:00:00,Syracuse,USA,Syracuse/USA,6-10,260,10,36,Center,Inactive,N,1610612764,Wizards,WAS,wizards,Washington,etan_thomas,2001,2010,N,Y,Y,2000,1,12,N
2043,Mateen,Cleaves,Mateen Cleaves,"Cleaves, Mateen",M. Cleaves,mateen-cleaves,1977-09-07T00:00:00,Michigan State,USA,Michigan State/USA,6-2,210,7,,Guard,Inactive,N,0,,,,,mateen_cleaves,2000,2005,Y,Y,Y,2000,1,14,N
2205,DeSagana,Diop,DeSagana Diop,"Diop, DeSagana",D. Diop,desagana-diop,1982-01-30T00:00:00,Oak Hill Academy (VA),Senegal,Oak Hill Academy (VA)/Senegal,7-0,280,13,2,Center,Inactive,N,1610612742,Mavericks,DAL,mavericks,Dallas,desagana_diop,2001,2012,N,Y,Y,2001,1,8,N
2044,Jason,Collier,Jason Collier,"Collier, Jason",J. Collier,jason-collier,1977-09-08T00:00:00,Georgia Tech,USA,Georgia Tech/USA,7-0,260,6,40,Center,Inactive,N,1610612737,Hawks,ATL,hawks,Atlanta,jason_collier,2000,2004,N,Y,Y,2000,1,15,N
1908,Jumaine,Jones,Jumaine Jones,"Jones, Jumaine",J. Jones,jumaine-jones,1979-02-10T00:00:00,Georgia,USA,Georgia/USA,6-8,230,9,20,Forward,Inactive,N,1610612739,Cavaliers,CLE,cavaliers,Cleveland,jumaine_jones,1999,2006,N,Y,Y,1999,1,27,N
1909,Scott,Padgett,Scott Padgett,"Padgett, Scott",S. Padgett,scott-padgett,1976-04-19T00:00:00,Kentucky,USA,Kentucky/USA,6-9,240,8,,Forward,Inactive,N,0,,,,,scott_padgett,1999,2006,N,Y,Y,1999,1,28,N
2045,Hedo,Turkoglu,Hedo Turkoglu,"Turkoglu, Hedo",H. Turkoglu,hedo-turkoglu,1979-03-19T00:00:00,Efes Pilsen,Turkey,Efes Pilsen/Turkey,6-10,220,15,15,Forward,Inactive,N,1610612753,Magic,ORL,magic,Orlando,hedo_turkoglu,2000,2014,N,Y,Y,2000,1,16,N
2206,Rodney,White,Rodney White,"White, Rodney",R. White,rodney-white,1980-06-28T00:00:00,North Carolina-Charlotte,USA,North Carolina-Charlotte/USA,6-9,230,5,3,Forward,Inactive,N,1610612743,Nuggets,DEN,nuggets,Denver,rodney_white,2001,2004,N,Y,Y,2001,1,9,N
2046,Desmond,Mason,Desmond Mason,"Mason, Desmond",D. Mason,desmond-mason,1977-10-11T00:00:00,Oklahoma State,USA,Oklahoma State/USA,6-5,222,10,,Guard,Inactive,N,0,,,,,desmond_mason,2000,2009,N,Y,Y,2000,1,17,N
2207,Joe,Johnson,Joe Johnson,"Johnson, Joe",J. Johnson,joe-johnson,1981-06-29T00:00:00,Arkansas,USA,Arkansas/USA,6-7,240,18,,Guard-Forward,Inactive,N,0,,,,,joe_johnson,2001,2021,N,Y,Y,2001,1,10,N
2047,Quentin,Richardson,Quentin Richardson,"Richardson, Quentin",Q. Richardson,quentin-richardson,1980-04-13T00:00:00,DePaul,USA,DePaul/USA,6-6,228,14,55,Forward,Inactive,N,1610612746,Clippers,LAC,clippers,Los Angeles,quentin_richardson,2000,2012,N,Y,Y,2000,1,18,N
2048,Jamaal,Magloire,Jamaal Magloire,"Magloire, Jamaal",J. Magloire,jamaal-magloire,1978-05-21T00:00:00,Kentucky,Canada,Kentucky/Canada,6-11,265,13,21,Center,Inactive,N,1610612740,Hornets,NOH,pelicans,New Orleans,jamaal_magloire,2000,2011,N,Y,Y,2000,1,19,N
2209,Vladimir,Radmanovic,Vladimir Radmanovic,"Radmanovic, Vladimir",V. Radmanovic,vladimir-radmanovic,1980-11-19T00:00:00,FMP,Serbia,FMP/Serbia,6-10,235,13,77,Forward,Inactive,N,1610612760,SuperSonics,SEA,thunder,Seattle,vladimir_radmanovic,2001,2012,N,Y,Y,2001,1,12,N
2049,Speedy,Claxton,Speedy Claxton,"Claxton, Speedy",S. Claxton,speedy-claxton,1978-05-08T00:00:00,Hofstra,USA,Hofstra/USA,5-11,170,8,12,Guard,Inactive,N,1610612744,Warriors,GSW,warriors,Golden State,speedy_claxton,2001,2008,N,Y,Y,2000,1,20,N
2050,Morris,Peterson,Morris Peterson,"Peterson, Morris",M. Peterson,morris-peterson,1977-08-26T00:00:00,Michigan State,USA,Michigan State/USA,6-7,220,11,,Guard,Inactive,N,0,,,,,morris_peterson,2000,2010,N,Y,Y,2000,1,21,N
2210,Richard,Jefferson,Richard Jefferson,"Jefferson, Richard",R. Jefferson,richard-jefferson,1980-06-21T00:00:00,Arizona,USA,Arizona/USA,6-7,233,18,22,Forward,Inactive,N,1610612751,Nets,NJN,nets,New Jersey,richard_jefferson,2001,2017,N,Y,Y,2001,1,13,N
2054,Jake,Tsakalidis,Jake Tsakalidis,"Tsakalidis, Jake",J. Tsakalidis,jake-tsakalidis,1979-06-10T00:00:00,AEK Athens,Greece,AEK Athens/Greece,7-2,290,8,25,Center,Inactive,N,1610612756,Suns,PHX,suns,Phoenix,jake_tsakalidis,2000,2006,N,Y,Y,2000,1,25,N
2211,Troy,Murphy,Troy Murphy,"Murphy, Troy",T. Murphy,troy-murphy,1980-05-02T00:00:00,Notre Dame,USA,Notre Dame/USA,6-11,245,12,,Forward-Center,Inactive,N,0,,,,,troy_murphy,2001,2012,N,Y,Y,2001,1,14,N
2058,Mark,Madsen,Mark Madsen,"Madsen, Mark",M. Madsen,mark-madsen,1976-01-28T00:00:00,Stanford,USA,Stanford/USA,6-9,255,10,35,Forward,Inactive,N,1610612750,Timberwolves,MIN,timberwolves,Minnesota,mark_madsen,2000,2008,N,Y,Y,2000,1,29,N
1724,Bryce,Drew,Bryce Drew,"Drew, Bryce",B. Drew,bryce-drew,1974-09-21T00:00:00,Valparaiso,USA,Valparaiso/USA,6-3,184,6,,Guard,Inactive,N,0,,,,,bryce_drew,1998,2003,N,Y,Y,1998,1,16,N
2215,Jason,Collins,Jason Collins,"Collins, Jason",J. Collins,jason-collins,1978-12-02T00:00:00,Stanford,USA,Stanford/USA,7-0,255,13,98,Center,Inactive,N,1610612751,Nets,BKN,nets,Brooklyn,jason_collins,2001,2013,N,Y,Y,2001,1,18,N
2216,Zach,Randolph,Zach Randolph,"Randolph, Zach",Z. Randolph,zach-randolph,1981-07-16T00:00:00,Michigan State,USA,Michigan State/USA,6-9,250,18,50,Forward,Inactive,N,1610612763,Grizzlies,MEM,grizzlies,Memphis,zach_randolph,2001,2017,N,Y,Y,2001,1,19,N
2220,Brandon,Armstrong,Brandon Armstrong,"Armstrong, Brandon",B. Armstrong,brandon-armstrong,1980-06-16T00:00:00,Pepperdine,USA,Pepperdine/USA,6-5,185,4,1,Guard,Inactive,N,1610612751,Nets,NJN,nets,New Jersey,brandon_armstrong,2001,2003,Y,Y,Y,2001,1,23,N
1905,Andrei,Kirilenko,Andrei Kirilenko,"Kirilenko, Andrei",A. Kirilenko,andrei-kirilenko,1981-02-18T00:00:00,CSKA Moscow,Russia,CSKA Moscow/Russia,6-9,235,13,,Forward,Inactive,N,0,,,,,andrei_kirilenko,2001,2014,N,Y,Y,1999,1,24,N
2223,Samuel,Dalembert,Samuel Dalembert,"Dalembert, Samuel",S. Dalembert,samuel-dalembert,1980-05-10T00:00:00,Seton Hall,Haiti,Seton Hall/Haiti,6-11,255,14,,Center,Inactive,N,0,,,,,samuel_dalembert,2001,2014,N,Y,Y,2001,1,26,N
2056,Primoz,Brezec,Primoz Brezec,"Brezec, Primoz",P. Brezec,primoz-brezec,1979-10-02T00:00:00,Union Olimpija,Slovenia,Union Olimpija/Slovenia,7-1,255,9,9,Center,Inactive,N,1610612766,Bobcats,CHA,hornets,Charlotte,primoz_brezec,2001,2009,N,Y,Y,2000,1,27,N
2224,Jamaal,Tinsley,Jamaal Tinsley,"Tinsley, Jamaal",J. Tinsley,jamaal-tinsley,1978-02-28T00:00:00,Iowa State,USA,Iowa State/USA,6-3,188,11,,Guard,Inactive,N,0,,,,,jamaal_tinsley,2001,2013,Y,Y,Y,2001,1,27,N
2225,Tony,Parker,Tony Parker,"Parker, Tony",T. Parker,tony-parker,1982-05-17T00:00:00,Paris Basket Racing,France,Paris Basket Racing/France,6-2,185,19,9,Guard,Inactive,N,1610612759,Spurs,SAS,spurs,San Antonio,tony_parker,2001,2018,N,Y,Y,2001,1,28,N
2222,Gerald,Wallace,Gerald Wallace,"Wallace, Gerald",G. Wallace,gerald-wallace,1982-07-23T00:00:00,Alabama,USA,Alabama/USA,6-7,220,15,45,Forward,Inactive,N,1610612766,Bobcats,CHA,hornets,Charlotte,gerald_wallace,2001,2014,N,Y,Y,2001,1,25,N
1542,Predrag,Drobnjak,Predrag Drobnjak,"Drobnjak, Predrag",P. Drobnjak,predrag-drobnjak,1975-10-27T00:00:00,Efes Pilsen,Serbia,Efes Pilsen/Serbia,6-11,270,5,14,Center,Inactive,N,1610612760,SuperSonics,SEA,thunder,Seattle,predrag_drobnjak,2001,2004,N,Y,Y,1997,2,48,N
2239,Trenton,Hassell,Trenton Hassell,"Hassell, Trenton",T. Hassell,trenton-hassell,1979-03-04T00:00:00,Austin Peay,USA,Austin Peay/USA,6-5,227,10,44,Forward-Guard,Inactive,N,1610612750,Timberwolves,MIN,timberwolves,Minnesota,trenton_hassell,2001,2009,N,Y,Y,2001,2,29,N
